{"cameraMode":{"drawMode":0,"name":"Shaded","section":"Shading Mode"},"sceneLighting":false,"audioPlay":false,"sceneViewState":{"m_AlwaysRefresh":false,"showFog":true,"showSkybox":false,"showFlares":true,"showImageEffects":true,"showParticleSystems":true,"showVisualEffectGraphs":true,"m_FxEnabled":true},"in2DMode":false,"pivot":{"x":-3.784036874771118,"y":7.251136779785156,"z":0.043384552001953128},"rotation":{"x":-0.3085613250732422,"y":0.0268719382584095,"z":-0.008726835250854493,"w":-0.9507843255996704},"size":27.858123779296876,"orthographic":false}