{"cameraMode":{"drawMode":0,"name":"Shaded","section":"Shading Mode"},"sceneLighting":false,"audioPlay":false,"sceneViewState":{"m_AlwaysRefresh":false,"showFog":true,"showSkybox":false,"showFlares":true,"showImageEffects":true,"showParticleSystems":true,"showVisualEffectGraphs":true,"m_FxEnabled":true},"in2DMode":false,"pivot":{"x":-0.33632922172546389,"y":7.370096206665039,"z":-10.688154220581055},"rotation":{"x":-0.22561292350292207,"y":-0.07759249210357666,"z":0.01802370510995388,"w":-0.9709559679031372},"size":8.711417198181153,"orthographic":false}